claim,n,diff,welch_p,boot_p,boot_ci_lo,boot_ci_hi,perm_p,perm_kind
"Fig 4a: CTL tempering vs CTL, KL(s|q)",10/10,6.474869012832641,0.010475273203436625,0.0,4.03030543923378,10.672093486785887,1.082508822446903e-05,exact
"Fig 4a: CTL tempering vs CTL, KL(q|s)",10/10,1.540133661031723,1.531359167135813e-05,0.0,1.1718590076267719,1.8748140004277227,1.082508822446903e-05,exact
"Fig 4a: RLOO tempering vs RLOO, KL(s|q)",10/10,6.228340721130371,0.004821346071572363,0.0,3.9404701095819474,9.788599945902822,1.082508822446903e-05,exact
"Fig 4a: RLOO tempering vs RLOO, KL(q|s)",10/10,1.50897616147995,1.1339698646398129e-05,0.0,1.1532157933712006,1.825748117417097,1.082508822446903e-05,exact
"Fig 4b: CTL tempering vs CTL, KL(s|q)",10/10,4.895021438598633,0.011968774299985576,0.00508,1.5310572557449282,8.027272665023801,0.01381281257442248,exact
"Fig 4b: RLOO tempering vs RLOO, KL(s|q)",10/10,3.3019718551635755,0.3420003954164667,0.30506,-3.1713730697631854,9.315402725219725,0.33513390634133666,exact
"Fig 4c: CTL tempering vs CTL, KL(s|q)",5/5,0.24919226074218592,0.138401250421362,0.06704,-0.01620703124999956,0.5080313720703113,0.14285714285714285,exact
"Fig 4c: RLOO tempering vs RLOO, KL(s|q)",5/5,8.300539794921882,8.707305078850467e-05,0.0,6.343871337890626,10.278326171875001,0.007936507936507936,exact
"Fig 5a: CTL exploration vs CTL, KL(s|q)",10/10,4.856472116708756,7.65316400624749e-05,0.0,3.1348582369089124,6.564846079200506,0.00017320141159150447,exact
"Fig 5a: RLOO exploration vs RLOO, KL(s|q)",10/10,5.673949604481459,3.522600494900449e-08,0.0,4.529764671158046,6.76348167805001,1.082508822446903e-05,exact
"Fig 5b: CTL exploration vs CTL, KL(s|q)",10/10,0.37667436245828867,0.20231324053483823,0.1602,-0.14646504743024744,0.8841120932763457,0.19284894671891575,exact
"Fig 5b: RLOO exploration vs RLOO, KL(s|q)",10/10,4.495499497652055,0.164552031731064,0.08692,-0.4897457072138793,10.472420821338892,0.16164021736777154,exact
"Fig 5b: CTL exploration vs CTL, KL(q|s)",10/10,12.27744140625,0.006296714457095646,0.00024,5.703856885433198,18.77536773920059,0.01081426313624456,exact
"Fig 5b: CTL tempering vs exploration, KL(s|q)",10/10,9.594506508111953,0.0017704689246624064,0.0,5.391967557221652,13.609209731221197,0.0005087791465500443,exact
"Fig 5b: RLOO tempering vs exploration, KL(s|q)",10/10,12.994844877719881,0.001168473743514959,0.0,7.615892379283906,18.171248108893632,0.00041135335252982314,exact
"Fig 5c: CTL exploration vs CTL, KL(s|q)",10/10,1.084173059463506,3.412145732942848e-07,0.0,0.8652804775238011,1.2988173785209687,1.082508822446903e-05,exact
"Fig 5c: RLOO exploration vs RLOO, KL(s|q)",10/10,0.8224217128753679,1.0482735641061171e-06,0.0,0.6385299324989295,1.0064792397022242,1.082508822446903e-05,exact
"Fig 5c: CTL tempering vs CTL, KL(s|q)",10/10,0.25279642105102695,0.023575399621100133,0.0052,0.0703682053089139,0.44458091139793576,0.018781528069453764,exact
"Fig 5c: RLOO tempering vs RLOO, KL(s|q)",10/10,0.10323397636413745,0.4917748431575293,0.45104,-0.17242698264122086,0.37054035878181635,0.4934183463595228,exact
"Fig 6: entropy vs CTL, KL(s|q)",10/10,-0.06326660156250341,0.9753521423473259,0.96434,-3.804258054733275,3.6909075584411513,0.9751239472601702,exact
"Fig 6: entropy vs CTL, ELBO",10/10,-0.012578588165339966,0.9944511430690579,0.99916,-3.347160086011885,3.260156721240839,0.9943926042997251,exact
"Fig 6: mixture vs CTL, KL(s|q)",10/10,10.911936225891115,1.3657363313895378e-05,0.0,8.32435439682007,13.27414325332642,1.082508822446903e-05,exact
"Fig 6: mixture vs CTL, ELBO",10/10,3.7935983236357593,0.02584379265330495,0.01192,0.8443726594287916,6.6170572910785665,0.02587196085648098,exact
"Fig 6: tempering+exploration vs tempering, KL(s|q)",10/10,0.5660967254638649,0.763250167739987,0.75676,-2.816124359130857,4.030022633552551,0.7606464742687653,exact
"Fig 6: tempering+exploration vs tempering, ELBO",10/10,0.6485072129964777,0.7204206589588302,0.70408,-2.6654813689351093,3.9393442698225356,0.7172378704886445,exact
"Fig 7: tempering+exploration vs exploration, KL(s|q)",10/10,0.25335810661315605,0.30830632353355036,0.27,-0.23011925792693855,0.6502455863952631,0.31984888176838644,exact
"Fig 7: tempering+exploration vs exploration, KL(q|s)",10/10,-1.0405834388732913,0.1011891066024794,0.06672,-2.1637770495414754,0.07025376176833786,0.10126870033990777,exact
"Fig 7: DPG exploration vs DPG, KL(s|q)",10/10,1.2514568901062013,7.749595714571991e-06,0.0,0.9408210487365732,1.5357275004386925,1.082508822446903e-05,exact
"Fig 7: DPG exploration vs DPG, KL(q|s)",10/10,0.1943183517456042,0.7067223041593177,0.71738,-0.6845779981613151,1.1946035575866714,0.7234622962177142,exact
"Fig 7: DPG tempering vs DPG, KL(s|q)",10/10,0.01265005111694606,0.9192623377344312,0.90146,-0.21855157637596248,0.23560549998283445,0.9203381757561324,exact
"Fig 7: DPG tempering vs DPG, KL(q|s)",10/10,-0.09914506912231502,0.8035669319090432,0.78732,-0.8275525002479567,0.6338137645721442,0.7828595553053758,exact
"Fig 7: CTL vs DPG, KL(s|q)",10/10,1.0061186408996576,9.117964719533864e-11,0.0,0.8625725247859961,1.1431808383464814,1.082508822446903e-05,exact
"Fig 7: CTL vs DPG, KL(q|s)",10/10,0.4958631515502958,0.20102885423545397,0.16192,-0.20328667688369495,1.177772924423218,0.20352248370824222,exact
"Fig 7: CTL tempering vs DPG tempering, KL(s|q)",10/10,1.2462650108337385,7.959630919513506e-08,0.0,0.9940337767600986,1.5095827660560592,1.082508822446903e-05,exact
"Fig 7: CTL tempering vs DPG tempering, KL(q|s)",10/10,0.44954490661621094,0.33660558128404666,0.28594,-0.3279389472007771,1.3640707006454467,0.3791703652384767,exact
"Fig 7: CTL exploration vs DPG exploration, KL(s|q)",10/10,0.8388348102569623,0.00032867319255595727,0.0,0.5038432636260965,1.1902824234962481,0.0001840264998159735,exact
"Fig 7: CTL exploration vs DPG exploration, KL(q|s)",10/10,0.44251430511474865,0.4520576239487833,0.41362,-0.6684437317848215,1.4707416090965306,0.4653921929463725,exact
"Fig 7: CTL(U) vs CTL, KL(s|q)",10/10,0.02134016990661891,0.7917397999096599,0.7913,-0.1236988246440889,0.1728316097259512,0.7902747407391371,exact
"Fig 7: CTL(U) vs CTL, KL(q|s)",10/10,-0.14524793624878285,0.6395934526900412,0.64884,-0.7123819127082779,0.4204362654685948,0.7987940851717942,exact
"Fig 8: entropy vs CTL, KL(s|q)",10/10,0.6518261602148421,0.0151368133662902,0.00668,0.19507564011961084,1.056193806673399,0.012871029898893676,exact
"Fig 8: entropy vs CTL, KL(q|s)",10/10,6.018729877471923,0.08373116985817124,0.05588,-0.026766376495361996,12.19087300300598,0.20787416917447876,exact
"Fig 8: entropy vs exploration, KL(s|q)",10/10,0.2751517977565534,0.421772617140959,0.38168,-0.34942424375563896,0.8886048503126944,0.4183463595228301,exact
"Fig 8: entropy vs exploration, KL(q|s)",10/10,-6.258711528778077,0.19500303686022513,0.15974,-14.679900386333465,2.523456676006316,0.1816882807594882,exact
"Fig 8: mixture vs CTL, KL(s|q)",10/10,-0.007360040210187435,0.9514099173835416,0.9577,-0.23249946363270316,0.207849980457685,0.9503236701379116,exact
"Fig 8: mixture vs CTL, KL(q|s)",10/10,0.0313770294189446,0.07511340534109656,0.0258,0.003195562362671556,0.06322710990905626,0.07473640910173418,exact
